topic,key,name,position,argument
PerfilDemografico,PerfilDemografico_1,riskprofile,Presence of specific (at-risk) profiles in the home,"Includes: pregnant or breastfeeding women, unaccompanied minors or adolescents, older adults, single caregiver, LGBTIQ. "
PerfilDemografico,PerfilDemografico_2,language,Language ability of the head of household,Head of household speaks or does not speak Spanish.
PerfilDemografico,PerfilDemografico_3,healthrisk,Presence of health-based risk profiles,"At least one person in the household has: serious medical conditions, disabilities, is elderly. "
PerfilDemografico,PerfilDemografico_4,dependency,Dependency ratio,Number of members of working age and ability to work as a proportion of total number of household members.
NecesidadesBasicas,NecesidadesBasicas_1,healthacc,Access to health services when needed (in the last 3 months),Was or was not able to access services. 
NecesidadesBasicas,NecesidadesBasicas_2,food,Access to meals per day in the last week,Evaluates number of meals per day
NecesidadesBasicas,NecesidadesBasicas_3,water,Access to drinking water ,
NecesidadesBasicas,NecesidadesBasicas_4,hygiene,Access to basic hygiene items in the last month,
CondicionesVivienda,CondicionesVivienda_1,toilet,Access to bathroom (private or shared),"Considering whether access is available, or access is private or shared."
CondicionesVivienda,CondicionesVivienda_2,housing,Type of housing/shelter,"Includes: owned, rented, rented, sheltered, housed, in exchange for work or services, overcrowded, informally housed, homeless. "
CondicionesVivienda,CondicionesVivienda_3,rent,Monthly cost of rent,
CondicionesVivienda,CondicionesVivienda_4,electricity,"Access to energy (electricity, gas, etc.)",
CapacidadesAfrontamiento,CapacidadesAfrontamiento_1,copingneg,Use of negative coping mechanisms in last 3 months,"From a standard list. Divided into levels: neutral or unused, stressed or extreme. "
CapacidadesAfrontamiento,CapacidadesAfrontamiento_2,carenet,Access to support networks,
CapacidadesAfrontamiento,CapacidadesAfrontamiento_3,assistance,Received assistance in the last (range of time) / currently receiving assistance,"Receives assistance such as: housing, remittances, pension, alimony, etc. "
CapacidadesAfrontamiento,CapacidadesAfrontamiento_4,work,Access to sources of income in the last week,The type of source is evaluated. If you generate income on your own or depend on others (e.g. remittances). 
CapacidadesAfrontamiento,CapacidadesAfrontamiento_5,expenditure,Expenditures in the last month,
ProteccionIntegracion,ProteccionIntegracion_1,protinci,Experienced protective incident in the last 3 months ,"May be divided into levels: no incidents, medium vulnerability incidents, high vulnerability incidents. "
ProteccionIntegracion,ProteccionIntegracion_2,safety,Perception of safety in locality/community,Feeling safe or not/able to move freely in the community.
ProteccionIntegracion,ProteccionIntegracion_3,intentions,Intentions to stay in the country in the next 6 months ,
ProteccionIntegracion,ProteccionIntegracion_4,document,Status of legal documentation,Includes documents and permits that determine whether the person is in regular or irregular status. 
ProteccionIntegracion,ProteccionIntegracion_5,education,Access to education,There are minors who do not attend school for economic or other reasons.

,,,,


,,,,


,,,,
,,,,
,,,,
,,,,
,,,,
,,,,
,,,,
,,,,
,,,,
,,,,
,,,,
,,,,
,,,,
,,,,
,,,,
,,,,
,,,,
,,,,
,,,,
,,,,
,,,,
,,,,
,,,,
,,,,
,,,,
,,,,
,,,,
,,,,
,,,,
,,,,
,,,,
,,,,
,,,,
,,,,
,,,,
,,,,
,,,,
,,,,
,,,,
,,,,
,,,,
,,,,
,,,,
,,,,
,,,,
